Country.Name,product_code_1,product_code_2,product_code_3,product_code_4,product_code_5,product_code_6,product_label_1,product_label_2,product_label_3,product_label_4,product_label_5,product_label_6,exports_2024_1,exports_2024_2,exports_2024_3,exports_2024_4,exports_2024_5,exports_2024_6,pct_of_total_1,pct_of_total_2,pct_of_total_3,pct_of_total_4,pct_of_total_5,pct_of_total_6
Afghanistan,'7615,'7801,'7601,'7204,'7901,'7323,Other Aluminium,Unwrought lead :,Unwrought aluminium,"Ferrous waste and scrap; remelting scrap ingots of iron or steel (excl. slag, scale and other ...",Unwrought zinc :,"Table, kitchen or other household articles, and parts thereof, of iron or steel; iron or steel ...",4876,3593,1052,266,247,180,0.151231642,0.111438738,0.03262832,0.008250126,0.007660832,0.005582792
Algeria,'7207,'7214,'7213,'7203,'7305,'7408,Other Iron,Other Iron,Other Iron,"Ferrous products obtained by direct reduction of iron ore and other spongy ferrous products, ...","Tubes and pipes, having circular cross-sections and an external diameter of > 406,4 mm, of ...",Other Copper,302351,262981,78467,40149,31275,31236,0.319435135,0.277840561,0.082900724,0.042417592,0.033042172,0.033000969
Angola,'7214,'7206,'7326,'7308,'7203,'7202,Other Iron,"Iron and non-alloy steel in ingots or other primary forms (excl. remelting scrap ingots, products ...","Articles of iron or steel, n.e.s. (excl. cast articles)","Structures and parts of structures ""e.g., bridges and bridge-sections, lock-gates, towers, ...","Ferrous products obtained by direct reduction of iron ore and other spongy ferrous products, ...",Ferro-alloys,29787,19743,18277,9024,8936,4065,0.037944975,0.025150154,0.02328265,0.011495466,0.011383365,0.00517831
Argentina,'7616,'7326,'7318,'7214,'7610,'7320,Other Aluminium,"Articles of iron or steel, n.e.s. (excl. cast articles)","Screws, bolts, nuts, coach screws, screw hooks, rivets, cotters, cotter pins, washers, incl. spring washers, and similar articles, of iron or steel (excl. lag screws, stoppers, plugs and the like, threaded)",Other Iron,Other Aluminium,"Springs and leaves for springs, of iron or steel (excl. clock and watch springs, springs for sticks and handles of umbrellas or parasols, shock absorbers and torque rod or torsion bar springs of Section 17)",53994,13606,9728,5036,3768,3126,0.03386453,0.008533555,0.00610131,0.003158532,0.002363254,0.001960598
Armenia,'7202,'7607,'7207,'7403,'7601,'7606,Ferro-alloys,Other Aluminium,Other Iron,"Copper, refined, and copper alloys, unwrought (excl. copper alloys of heading 7405)",Unwrought aluminium,Other Aluminium,184688,68589,25568,19465,13479,10620,0.708805071,0.263234379,0.098126181,0.074703774,0.051730397,0.04075798
Azerbaijan,'7606,'7601,'7214,'7304,'7801,'7202,Other Aluminium,Unwrought aluminium,Other Iron,"Tubes, pipes and hollow profiles, seamless, of iron or steel (excl. products of cast iron)",Unwrought lead :,Ferro-alloys,110051,70749,35780,24832,15147,13424,0.207220713,0.133216947,0.06737201,0.046757456,0.028521069,0.025276743
Bahrain,'7601,'7605,'7606,'7308,'7207,'7614,Unwrought aluminium,Other Aluminium,Other Aluminium,"Structures and parts of structures ""e.g., bridges and bridge-sections, lock-gates, towers, ...",Other Iron,Other Aluminium,3151196,410482,374620,265832,245112,200765,11.34040831,1.47722753,1.348168683,0.956666428,0.882100054,0.722505701
Bangladesh,'7404,'7204,'7602,'7601,'7205,'7326,"Waste and scrap, of copper (excluding ingots or other similar unwrought shapes, of remelted ...","Ferrous waste and scrap; remelting scrap ingots of iron or steel (excl. slag, scale and other ...","Waste and scrap, of aluminium (excluding slags, scale and the like from iron and steel production, ...",Unwrought aluminium,"Granules and powders of pig iron, spiegeleisen, iron or steel (excl. granules and powders of ...","Articles of iron or steel, n.e.s. (excl. cast articles)",52426,36220,19275,11731,8018,5633,0.044278704,0.030591207,0.016279556,0.009907936,0.006771958,0.0047576
Benin,'7214,'7213,'7308,'7302,'7216,'7210,Other Iron,Other Iron,"Structures and parts of structures ""e.g., bridges and bridge-sections, lock-gates, towers, ...","Railway or tramway track construction material of iron or steel, the following : rails, check-rails ...",Other Iron,Other Iron,24391,10581,2541,1855,1275,1154,1.095896689,0.47540826,0.114168074,0.083345839,0.057286224,0.051849649
Bolivia,'8001,'7204,'7403,'7602,'8110,'7404,Unwrought tin,"Ferrous waste and scrap; remelting scrap ingots of iron or steel (excl. slag, scale and other waste from the production of iron or steel; radioactive waste and scrap; fragments of pigs, blocks or other primary forms of pig iron or spiegeleisen)","Copper, refined, and copper alloys, unwrought (excl. copper alloys of heading 7405)","Waste and scrap, of aluminium (excluding slags, scale and the like from iron and steel production, containing recoverable aluminium in the form of silicates, ingots or other similar unwrought shapes, of remelted waste and scrap, of aluminium, ashes and residues from aluminium production)",Antimony and articles thereof,"Waste and scrap, of copper (excluding ingots or other similar unwrought shapes, of remelted copper waste and scrap, ashes and residues containing copper, and waste and scrap of primary cells, primary batteries and electric accumulators)",528987,28015,16918,14618,7931,5158,2.919623226,0.15462241,0.093375047,0.080680721,0.043773348,0.028468406
Botswana,'7204,'7404,'7307,'7214,'7216,'7602,"Ferrous waste and scrap; remelting scrap ingots of iron or steel (excl. slag, scale and other ...","Waste and scrap, of copper (excluding ingots or other similar unwrought shapes, of remelted ...","Tube or pipe fittings ""e.g. couplings, elbows, sleeves"", of iron or steel",Other Iron,Other Iron,"Waste and scrap, of aluminium (excluding slags, scale and the like from iron and steel production, ...",8295,7181,6943,6389,3009,2758,0.10582533,0.091613225,0.088576886,0.081509106,0.038387995,0.035185806
Brazil,'7207,'7202,'7201,'7304,'7224,'7601,Other Iron,Ferro-alloys,"Pig iron and spiegeleisen, in pigs, blocks or other primary forms","Tubes, pipes and hollow profiles, seamless, of iron or steel (excl. products of cast iron)",Other Iron,Unwrought aluminium,3864537,3648851,1652866,894139,784155,732891,0.573294921,0.541298413,0.245198761,0.132643405,0.116327539,0.108722646
Burkina Faso,'7213,'7214,'7801,'7602,'7210,'7216,Other Iron,Other Iron,Unwrought lead :,"Waste and scrap, of aluminium (excluding slags, scale and the like from iron and steel production, ...",Other Iron,Other Iron,6043,4347,3068,3004,2269,1916,0.053537075,0.038511611,0.027180497,0.026613499,0.020101874,0.016974522
Burundi,'7214,'7210,'7610,'7616,'7801,'7204,Other Iron,Other Iron,Other Aluminium,Other Aluminium,Unwrought lead :,"Ferrous waste and scrap; remelting scrap ingots of iron or steel (excl. slag, scale and other ...",4069,2233,1818,194,79,71,1.103122577,0.605375452,0.492867251,0.052594195,0.021417224,0.019248391
Cabo Verde,'7209,'7211,'7222,'7302,'7304,'7317,Other Iron,Other Iron,Other Iron,"Railway or tramway track construction material of iron or steel, the following : rails, check-rails ...","Tubes, pipes and hollow profiles, seamless, of iron or steel (excl. products of cast iron)","Nails, tacks, drawing pins, corrugated nails, staples and similar articles of iron or steel, ...",0,0,0,0,0,0,0,0,0,0,0,0
Cameroon,'7601,'7404,'7801,'7402,'7403,'7602,Unwrought aluminium,"Waste and scrap, of copper (excluding ingots or other similar unwrought shapes, of remelted copper waste and scrap, ashes and residues containing copper, and waste and scrap of primary cells, primary batteries and electric accumulators)",Unwrought lead :,"Copper, unrefined; copper anodes for electrolytic refining","Copper, refined, and copper alloys, unwrought (excl. copper alloys of heading 7405)","Waste and scrap, of aluminium (excluding slags, scale and the like from iron and steel production, containing recoverable aluminium in the form of silicates, ingots or other similar unwrought shapes, of remelted waste and scrap, of aluminium, ashes and residues from aluminium production)",82015,17919,9480,9243,5709,1642,0.573415863,0.125282434,0.066280344,0.064623335,0.03991503,0.011480203
Central Africa Republic,'7202,'7204,'7602,'7404,'7802,'7209,Ferro-alloys,"Ferrous waste and scrap; remelting scrap ingots of iron or steel (excl. slag, scale and other waste from the production of iron or steel; radioactive waste and scrap; fragments of pigs, blocks or other primary forms of pig iron or spiegeleisen)","Waste and scrap, of aluminium (excluding slags, scale and the like from iron and steel production, containing recoverable aluminium in the form of silicates, ingots or other similar unwrought shapes, of remelted waste and scrap, of aluminium, ashes and residues from aluminium production)","Waste and scrap, of copper (excluding ingots or other similar unwrought shapes, of remelted copper waste and scrap, ashes and residues containing copper, and waste and scrap of primary cells, primary batteries and electric accumulators)","Lead waste and scrap (excluding ashes and residues from lead production ""heading No 2620"", and ingots or other similar unwrought shapes, of remelted waste and scrap, of lead ""heading No 7801"" and waste and scrap of primary cells, primary batteries et electric accumulators)",Other Iron,49,34,12,6,1,0,0.011980294,0.008312857,0.002933949,0.001466975,0.000244496,0
Chad,'7404,'7326,'7308,'7318,'7317,'7219,"Waste and scrap, of copper (excluding ingots or other similar unwrought shapes, of remelted copper waste and scrap, ashes and residues containing copper, and waste and scrap of primary cells, primary batteries and electric accumulators)","Articles of iron or steel, n.e.s. (excl. cast articles)","Structures and parts of structures ""e.g., bridges and bridge-sections, lock-gates, towers, lattice masts, roofs, roofing frameworks, doors and windows and their frames and thresholds for doors, shutters, balustrades, pillars and columns"", of iron or steel; plates, rods, angles, shapes, sections, tubes and the like, prepared for use in structures, of iron or steel (excl. prefabricated buildings of heading 9406)","Screws, bolts, nuts, coach screws, screw hooks, rivets, cotters, cotter pins, washers, incl. spring washers, and similar articles, of iron or steel (excl. lag screws, stoppers, plugs and the like, threaded)","Nails, tacks, drawing pins, corrugated nails, staples and similar articles of iron or steel, whether or not with heads of other material (excluding such articles with heads of copper and staples in strips)",Other Iron,393,10,8,8,7,7,0.005630339,0.000143266,0.000114613,0.000114613,0.000100286,0.000100286
Chile,'7403,'7402,'7408,'7202,'7404,'7204,"Copper, refined, and copper alloys, unwrought (excl. copper alloys of heading 7405)","Copper, unrefined; copper anodes for electrolytic refining",Other Copper,Ferro-alloys,"Waste and scrap, of copper (excluding ingots or other similar unwrought shapes, of remelted copper waste and scrap, ashes and residues containing copper, and waste and scrap of primary cells, primary batteries and electric accumulators)","Ferrous waste and scrap; remelting scrap ingots of iron or steel (excl. slag, scale and other waste from the production of iron or steel; radioactive waste and scrap; fragments of pigs, blocks or other primary forms of pig iron or spiegeleisen)",17281678,2115935,378347,267610,261528,171716,8.363828863,1.024050918,0.18310893,0.129515446,0.126571936,0.083105543
Comoros,'7204,'7404,'7602,'7326,'7308,'7320,"Ferrous waste and scrap; remelting scrap ingots of iron or steel (excl. slag, scale and other waste from the production of iron or steel; radioactive waste and scrap; fragments of pigs, blocks or other primary forms of pig iron or spiegeleisen)","Waste and scrap, of copper (excluding ingots or other similar unwrought shapes, of remelted copper waste and scrap, ashes and residues containing copper, and waste and scrap of primary cells, primary batteries and electric accumulators)","Waste and scrap, of aluminium (excluding slags, scale and the like from iron and steel production, containing recoverable aluminium in the form of silicates, ingots or other similar unwrought shapes, of remelted waste and scrap, of aluminium, ashes and residues from aluminium production)","Articles of iron or steel, n.e.s. (excl. cast articles)","Structures and parts of structures ""e.g., bridges and bridge-sections, lock-gates, towers, lattice masts, roofs, roofing frameworks, doors and windows and their frames and thresholds for doors, shutters, balustrades, pillars and columns"", of iron or steel; plates, rods, angles, shapes, sections, tubes and the like, prepared for use in structures, of iron or steel (excl. prefabricated buildings of heading 9406)","Springs and leaves for springs, of iron or steel (excl. clock and watch springs, springs for sticks and handles of umbrellas or parasols, shock absorbers and torque rod or torsion bar springs of Section 17)",1644,681,297,36,5,1,1.672142152,0.692657424,0.302084075,0.036616252,0.00508559,0.001017118
Congo (Republic of the),'7403,'8105,'7204,'7404,'7602,'7901,"Copper, refined, and copper alloys, unwrought (excl. copper alloys of heading 7405)",Cobalt mattes and other intermediate products,"Ferrous waste and scrap; remelting scrap ingots of iron or steel (excl. slag, scale and other waste from the production of iron or steel; radioactive waste and scrap; fragments of pigs, blocks or other primary forms of pig iron or spiegeleisen)","Waste and scrap, of copper (excluding ingots or other similar unwrought shapes, of remelted copper waste and scrap, ashes and residues containing copper, and waste and scrap of primary cells, primary batteries and electric accumulators)","Waste and scrap, of aluminium (excluding slags, scale and the like from iron and steel production, containing recoverable aluminium in the form of silicates, ingots or other similar unwrought shapes, of remelted waste and scrap, of aluminium, ashes and residues from aluminium production)",Unwrought zinc :,1425520,29586,21890,13939,8895,7708,8.804893463,0.18274144,0.135206183,0.086095888,0.054941023,0.047609377
Côte d’Ivoire,'7326,'7214,'7311,'7310,'7404,'7308,"Articles of iron or steel, n.e.s. (excl. cast articles)",Other Iron,"Containers of iron or steel, for compressed or liquefied gas (excluding containers specifically ...","Tanks, casks, drums, cans, boxes and similar containers, of iron or steel, for any material ...","Waste and scrap, of copper (excluding ingots or other similar unwrought shapes, of remelted ...","Structures and parts of structures ""e.g., bridges and bridge-sections, lock-gates, towers, ...",14312,7240,6626,4147,2759,2686,0.034824317,0.017616549,0.016122549,0.010090584,0.006713268,0.006535643
Democratic Republic of the Congo,'7403,'8105,'7402,'7404,'7401,'7405,"Copper, refined, and copper alloys, unwrought (excl. copper alloys of heading 7405)",Cobalt mattes and other intermediate products,"Copper, unrefined; copper anodes for electrolytic refining","Waste and scrap, of copper (excluding ingots or other similar unwrought shapes, of remelted copper waste and scrap, ashes and residues containing copper, and waste and scrap of primary cells, primary batteries and electric accumulators)",Copper mattes; cement copper "precipitated copper",Master alloys of copper (excluding phosphorus-copper compounds "copper phosphide" containing by weight > 15% phosphorus),19292536,2985048,1142093,15752,12476,12414,33.15141402,5.129370349,1.962520526,0.027067518,0.021438189,0.021331651
Djibouti,'7404,'7403,'7801,'7410,'7602,'7308,"Waste and scrap, of copper (excluding ingots or other similar unwrought shapes, of remelted ...","Copper, refined, and copper alloys, unwrought (excl. copper alloys of heading 7405)",Unwrought lead :,Other Copper,"Waste and scrap, of aluminium (excluding slags, scale and the like from iron and steel production, ...","Structures and parts of structures ""e.g., bridges and bridge-sections, lock-gates, towers, ...",3635,3304,1131,955,412,174,0.791659589,0.719571742,0.246318293,0.207987595,0.08972868,0.037895122
Egypt,'7408,'7208,'7214,'7601,'7213,'7308,Other Copper,Other Iron,Other Iron,Unwrought aluminium,Other Iron,"Structures and parts of structures ""e.g., bridges and bridge-sections, lock-gates, towers, ...",988995,857980,635690,393254,323241,247169,1.102635295,0.95656604,0.708733847,0.438440781,0.36038295,0.27556991
Equatorial Guinea,'7204,'7602,'7404,'7801,'7304,'7902,"Ferrous waste and scrap; remelting scrap ingots of iron or steel (excl. slag, scale and other ...","Waste and scrap, of aluminium (excluding slags, scale and the like from iron and steel production, ...","Waste and scrap, of copper (excluding ingots or other similar unwrought shapes, of remelted ...",Unwrought lead :,"Tubes, pipes and hollow profiles, seamless, of iron or steel (excl. products of cast iron)","Zinc waste and scrap (excluding ash and residues from zinc production ""heading 2620"", ingots ...",13559,3250,2111,334,118,77,0.153594971,0.036815669,0.023913193,0.003783518,0.001336692,0.000872248
Eritrea,'7308,'7419,'7318,'7508,'7616,'7326,"Structures and parts of structures ""e.g., bridges and bridge-sections, lock-gates, towers, ...",Other Copper,"Screws, bolts, nuts, coach screws, screw hooks, rivets, cotters, cotter pins, washers, incl. ...",Other Nickel,Other Aluminium,"Articles of iron or steel, n.e.s. (excl. cast articles)",88,42,12,7,4,2,0.007765613,0.003706315,0.001058947,0.000617719,0.000352982,0.000176491
Eswatini,'7204,'7404,'7601,'7602,'7307,'7318,"Ferrous waste and scrap; remelting scrap ingots of iron or steel (excl. slag, scale and other ...","Waste and scrap, of copper (excluding ingots or other similar unwrought shapes, of remelted ...",Unwrought aluminium,"Waste and scrap, of aluminium (excluding slags, scale and the like from iron and steel production, ...","Tube or pipe fittings ""e.g. couplings, elbows, sleeves"", of iron or steel","Screws, bolts, nuts, coach screws, screw hooks, rivets, cotters, cotter pins, washers, incl. ...",3897,2155,1395,969,297,287,0.090487357,0.050038556,0.032391548,0.022499936,0.006896265,0.006664068
Ethiopia,'7801,'7404,'7403,'7412,'7601,'7608,Unwrought lead :,"Waste and scrap, of copper (excluding ingots or other similar unwrought shapes, of remelted ...","Copper, refined, and copper alloys, unwrought (excl. copper alloys of heading 7405)",Other Copper,Unwrought aluminium,Other Aluminium,1869,1424,815,339,281,179,0.027851891,0.021220488,0.012145153,0.005051788,0.00418747,0.002667463
Gabon,'7202,'7403,'7601,'7402,'7801,'7204,Ferro-alloys,"Copper, refined, and copper alloys, unwrought (excl. copper alloys of heading 7405)",Unwrought aluminium,"Copper, unrefined; copper anodes for electrolytic refining",Unwrought lead :,"Ferrous waste and scrap; remelting scrap ingots of iron or steel (excl. slag, scale and other ...",22432,14394,4598,2220,1733,1414,0.14264293,0.091530061,0.02923824,0.014116766,0.01101998,0.00899149
Gambia,'7204,'7602,'7214,'7311,'7404,'7802,"Ferrous waste and scrap; remelting scrap ingots of iron or steel (excl. slag, scale and other ...","Waste and scrap, of aluminium (excluding slags, scale and the like from iron and steel production, ...",Other Iron,"Containers of iron or steel, for compressed or liquefied gas (excluding containers specifically ...","Waste and scrap, of copper (excluding ingots or other similar unwrought shapes, of remelted ...","Lead waste and scrap (excluding ashes and residues from lead production ""heading No 2620"", ...",507,182,26,21,17,12,0.510702594,0.183329136,0.026189877,0.021153362,0.01712415,0.012087635
Georgia,'7202,'7304,'7404,'7602,'7601,'7801,Ferro-alloys,"Tubes, pipes and hollow profiles, seamless, of iron or steel (excl. products of cast iron)","Waste and scrap, of copper (excluding ingots or other similar unwrought shapes, of remelted ...","Waste and scrap, of aluminium (excluding slags, scale and the like from iron and steel production, ...",Unwrought aluminium,Unwrought lead :,321960,29391,27348,15534,9238,9228,5.039745364,0.460066952,0.428087204,0.243158791,0.144605441,0.144448907
Ghana,'7601,'7404,'7801,'7602,'7204,'7213,Unwrought aluminium,"Waste and scrap, of copper (excluding ingots or other similar unwrought shapes, of remelted ...",Unwrought lead :,"Waste and scrap, of aluminium (excluding slags, scale and the like from iron and steel production, ...","Ferrous waste and scrap; remelting scrap ingots of iron or steel (excl. slag, scale and other ...",Other Iron,131419,81567,59899,34281,11108,8245,0.404921282,0.251319933,0.184557635,0.105624807,0.034225383,0.025404059
Guinea,'7403,'7601,'7801,'7404,'7204,'7602,"Copper, refined, and copper alloys, unwrought (excl. copper alloys of heading 7405)",Unwrought aluminium,Unwrought lead :,"Waste and scrap, of copper (excluding ingots or other similar unwrought shapes, of remelted ...","Ferrous waste and scrap; remelting scrap ingots of iron or steel (excl. slag, scale and other ...","Waste and scrap, of aluminium (excluding slags, scale and the like from iron and steel production, ...",15944,11401,7140,3430,2409,2020,0.082507696,0.058998384,0.036948379,0.017749711,0.012466197,0.010453183
Guinea-Bissau,'7602,'7326,'7304,'7616,'7312,'7204,"Waste and scrap, of aluminium (excluding slags, scale and the like from iron and steel production, ...","Articles of iron or steel, n.e.s. (excl. cast articles)","Tubes, pipes and hollow profiles, seamless, of iron or steel (excl. products of cast iron)",Other Aluminium,"Stranded wire, ropes, cables, plaited bands, slings and the like, of iron or steel (excl. electrically ...","Ferrous waste and scrap; remelting scrap ingots of iron or steel (excl. slag, scale and other ...",620,67,59,53,43,24,0.146267467,0.015806323,0.013919001,0.012503509,0.010144357,0.005661966
India,'7601,'7202,'7308,'7208,'7326,'7210,Unwrought aluminium,Ferro-alloys,"Structures and parts of structures ""e.g., bridges and bridge-sections, lock-gates, towers, ...",Other Iron,"Articles of iron or steel, n.e.s. (excl. cast articles)",Other Iron,4828384,2636509,1797239,1572882,1431710,1261586,0.546567504,0.29844978,0.203445384,0.17804843,0.162067922,0.142810081
Iraq,'7602,'7403,'7413,'7408,'7404,'7614,"Waste and scrap, of aluminium (excluding slags, scale and the like from iron and steel production, ...","Copper, refined, and copper alloys, unwrought (excl. copper alloys of heading 7405)",Other Copper,Other Copper,"Waste and scrap, of copper (excluding ingots or other similar unwrought shapes, of remelted ...",Other Aluminium,41720,11768,8247,7076,5319,5086,0.019120632,0.005393375,0.00377967,0.003242991,0.002437743,0.002330957
Jordan,'7404,'7602,'7308,'7214,'7606,'7306,"Waste and scrap, of copper (excluding ingots or other similar unwrought shapes, of remelted ...","Waste and scrap, of aluminium (excluding slags, scale and the like from iron and steel production, ...","Structures and parts of structures ""e.g., bridges and bridge-sections, lock-gates, towers, ...",Other Iron,Other Aluminium,"Tubes, pipes and hollow profiles ""e.g., open seam or welded, riveted or similarly closed"", ...",76436,55576,53746,37980,28664,28315,0.376034339,0.27341154,0.264408676,0.186846305,0.141015337,0.139298398
Kazakhstan,'7403,'7202,'7901,'7208,'7601,'7210,"Copper, refined, and copper alloys, unwrought (excl. copper alloys of heading 7405)",Ferro-alloys,Unwrought zinc :,Other Iron,Unwrought aluminium,Other Iron,4131828,2425460,650727,649763,543374,388673,2.531186332,1.485853525,0.398639849,0.398049295,0.33287466,0.238103761
Kenya,'7210,'7404,'7403,'7306,'7602,'7311,Other Iron,"Waste and scrap, of copper (excluding ingots or other similar unwrought shapes, of remelted ...","Copper, refined, and copper alloys, unwrought (excl. copper alloys of heading 7405)","Tubes, pipes and hollow profiles ""e.g., open seam or welded, riveted or similarly closed"", ...","Waste and scrap, of aluminium (excluding slags, scale and the like from iron and steel production, ...","Containers of iron or steel, for compressed or liquefied gas (excluding containers specifically ...",122740,93745,19509,18713,16218,15330,0.743356366,0.567752506,0.118153327,0.113332473,0.09822188,0.092843841
Kuwait,'7612,'7308,'7304,'7202,'7602,'7408,Other Aluminium,"Structures and parts of structures ""e.g., bridges and bridge-sections, lock-gates, towers, ...","Tubes, pipes and hollow profiles, seamless, of iron or steel (excl. products of cast iron)",Ferro-alloys,"Waste and scrap, of aluminium (excluding slags, scale and the like from iron and steel production, ...",Other Copper,36135,35927,26076,21574,21219,19539,0.023775707,0.02363885,0.017157198,0.014195022,0.013961443,0.012856055
Kyrgyzstan,'7404,'7214,'7801,'7326,'7601,'7616,"Waste and scrap, of copper (excluding ingots or other similar unwrought shapes, of remelted ...",Other Iron,Unwrought lead :,"Articles of iron or steel, n.e.s. (excl. cast articles)",Unwrought aluminium,Other Aluminium,59005,38496,14046,9370,6145,5641,0.788796615,0.514626125,0.187771159,0.125260983,0.082148211,0.075410587
Lebanon,'7204,'7404,'7801,'7602,'7403,'7601,"Ferrous waste and scrap; remelting scrap ingots of iron or steel (excl. slag, scale and other ...","Waste and scrap, of copper (excluding ingots or other similar unwrought shapes, of remelted ...",Unwrought lead :,"Waste and scrap, of aluminium (excluding slags, scale and the like from iron and steel production, ...","Copper, refined, and copper alloys, unwrought (excl. copper alloys of heading 7405)",Unwrought aluminium,149627,102111,59227,36911,11923,9829,3.846160767,2.624762389,1.522429533,0.948796942,0.306480614,0.252654362
Lesotho,'7204,'7308,'7610,'7613,'7326,'7311,"Ferrous waste and scrap; remelting scrap ingots of iron or steel (excl. slag, scale and other waste from the production of iron or steel; radioactive waste and scrap; fragments of pigs, blocks or other primary forms of pig iron or spiegeleisen)","Structures and parts of structures ""e.g., bridges and bridge-sections, lock-gates, towers, lattice masts, roofs, roofing frameworks, doors and windows and their frames and thresholds for doors, shutters, balustrades, pillars and columns"", of iron or steel; plates, rods, angles, shapes, sections, tubes and the like, prepared for use in structures, of iron or steel (excl. prefabricated buildings of heading 9406)",Other Aluminium,Other Aluminium,"Articles of iron or steel, n.e.s. (excl. cast articles)","Containers of iron or steel, for compressed or liquefied gas (excluding containers specifically constructed or equipped for one or more types of transport)",1049,577,446,177,110,99,0.052202482,0.028713853,0.022194764,0.008808236,0.005474045,0.00492664
Liberia,'7602,'7404,'7410,'7406,'7304,'7202,"Waste and scrap, of aluminium (excluding slags, scale and the like from iron and steel production, containing recoverable aluminium in the form of silicates, ingots or other similar unwrought shapes, of remelted waste and scrap, of aluminium, ashes and residues from aluminium production)","Waste and scrap, of copper (excluding ingots or other similar unwrought shapes, of remelted copper waste and scrap, ashes and residues containing copper, and waste and scrap of primary cells, primary batteries and electric accumulators)",Other Copper,"Powders and flakes, of copper (excl. grains of copper and spangles of heading 8308)","Tubes, pipes and hollow profiles, seamless, of iron or steel (excl. products of cast iron)",Ferro-alloys,5115,4174,312,215,133,129,0.107109383,0.087404607,0.006533358,0.004502154,0.002785053,0.002701292
Libya,'7203,'7204,'7404,'7602,'7801,'7207,"Ferrous products obtained by direct reduction of iron ore and other spongy ferrous products, in lumps, pellets or similar forms; iron having a minimum purity by weight of 99,94%, in lumps, pellets or similar forms","Ferrous waste and scrap; remelting scrap ingots of iron or steel (excl. slag, scale and other waste from the production of iron or steel; radioactive waste and scrap; fragments of pigs, blocks or other primary forms of pig iron or spiegeleisen)","Waste and scrap, of copper (excluding ingots or other similar unwrought shapes, of remelted copper waste and scrap, ashes and residues containing copper, and waste and scrap of primary cells, primary batteries and electric accumulators)","Waste and scrap, of aluminium (excluding slags, scale and the like from iron and steel production, containing recoverable aluminium in the form of silicates, ingots or other similar unwrought shapes, of remelted waste and scrap, of aluminium, ashes and residues from aluminium production)",Unwrought lead :,Other Iron,258249,147097,128595,76145,22515,22495,0.432318506,0.246245891,0.21527285,0.127469584,0.037690954,0.037657473
Madagascar,'7502,'8105,'7503,'7311,'7308,'7306,Unwrought nickel,Cobalt mattes and other intermediate products,"Waste and scrap, of nickel (excluding ingots or other similar unwrought shapes, of remelted nickel waste and scrap, ashes and residues containing nickel and waste and scrap of primary cells, primary batteries and electric accumulators)","Containers of iron or steel, for compressed or liquefied gas (excluding containers specifically constructed or equipped for one or more types of transport)","Structures and parts of structures ""e.g., bridges and bridge-sections, lock-gates, towers, lattice masts, roofs, roofing frameworks, doors and windows and their frames and thresholds for doors, shutters, balustrades, pillars and columns"", of iron or steel; plates, rods, angles, shapes, sections, tubes and the like, prepared for use in structures, of iron or steel (excl. prefabricated buildings of heading 9406)","Tubes, pipes and hollow profiles ""e.g., open seam or welded, riveted or similarly closed"", of iron or steel (excl. of cast iron, seamless tubes and pipes and tubes having internal and external circular cross-sections and an external diameter of > 406,4 mm)",462029,60017,1448,912,874,806,9.034386392,1.173555703,0.028313789,0.017832994,0.017089953,0.0157603
Malawi,'7204,'7601,'7801,'7227,'7403,'7228,"Ferrous waste and scrap; remelting scrap ingots of iron or steel (excl. slag, scale and other waste from the production of iron or steel; radioactive waste and scrap; fragments of pigs, blocks or other primary forms of pig iron or spiegeleisen)",Unwrought aluminium,Unwrought lead :,Other Iron,"Copper, refined, and copper alloys, unwrought (excl. copper alloys of heading 7405)",Other Iron,5958,664,616,578,326,192,0.310802662,0.03463796,0.032134011,0.030151718,0.017005987,0.010015796
Maldives,'7204,'7404,'7602,'7802,'7222,'7224,"Ferrous waste and scrap; remelting scrap ingots of iron or steel (excl. slag, scale and other waste from the production of iron or steel; radioactive waste and scrap; fragments of pigs, blocks or other primary forms of pig iron or spiegeleisen)","Waste and scrap, of copper (excluding ingots or other similar unwrought shapes, of remelted copper waste and scrap, ashes and residues containing copper, and waste and scrap of primary cells, primary batteries and electric accumulators)","Waste and scrap, of aluminium (excluding slags, scale and the like from iron and steel production, containing recoverable aluminium in the form of silicates, ingots or other similar unwrought shapes, of remelted waste and scrap, of aluminium, ashes and residues from aluminium production)","Lead waste and scrap (excluding ashes and residues from lead production ""heading No 2620"", and ingots or other similar unwrought shapes, of remelted waste and scrap, of lead ""heading No 7801"" and waste and scrap of primary cells, primary batteries et electric accumulators)",Other Iron,Other Iron,3050,809,122,16,0,0,1.637047732,0.434220202,0.065481909,0.008587791,0,0
Mali,'7801,'7602,'7326,'7216,'7208,'7309,Unwrought lead :,"Waste and scrap, of aluminium (excluding slags, scale and the like from iron and steel production, containing recoverable aluminium in the form of silicates, ingots or other similar unwrought shapes, of remelted waste and scrap, of aluminium, ashes and residues from aluminium production)","Articles of iron or steel, n.e.s. (excl. cast articles)",Other Iron,Other Iron,"Reservoirs, tanks, vats and similar containers, of iron or steel, for any material ""other than compressed or liquefied gas"", of a capacity of > 300 l, not fitted with mechanical or thermal equipment, whether or not lined or heat-insulated (excluding containers specifically constructed or equipped for one or more types of transport)",2451,682,286,220,135,135,0.119104312,0.033141224,0.013897933,0.010690718,0.006560213,0.006560213
Mauritania,'7305,'7802,'7311,'7308,'7326,'7614,"Tubes and pipes, having circular cross-sections and an external diameter of > 406,4 mm, of flat-rolled products of iron or steel ""e.g., welded, riveted or similarly closed""","Lead waste and scrap (excluding ashes and residues from lead production ""heading No 2620"", and ingots or other similar unwrought shapes, of remelted waste and scrap, of lead ""heading No 7801"" and waste and scrap of primary cells, primary batteries et electric accumulators)","Containers of iron or steel, for compressed or liquefied gas (excluding containers specifically constructed or equipped for one or more types of transport)","Structures and parts of structures ""e.g., bridges and bridge-sections, lock-gates, towers, lattice masts, roofs, roofing frameworks, doors and windows and their frames and thresholds for doors, shutters, balustrades, pillars and columns"", of iron or steel; plates, rods, angles, shapes, sections, tubes and the like, prepared for use in structures, of iron or steel (excl. prefabricated buildings of heading 9406)","Articles of iron or steel, n.e.s. (excl. cast articles)",Other Aluminium,789,787,341,285,167,137,0.009507049,0.00948295,0.004108877,0.003434105,0.002012265,0.00165078
Mauritius,'7204,'7404,'7610,'7403,'7602,'7308,"Ferrous waste and scrap; remelting scrap ingots of iron or steel (excl. slag, scale and other waste from the production of iron or steel; radioactive waste and scrap; fragments of pigs, blocks or other primary forms of pig iron or spiegeleisen)","Waste and scrap, of copper (excluding ingots or other similar unwrought shapes, of remelted copper waste and scrap, ashes and residues containing copper, and waste and scrap of primary cells, primary batteries and electric accumulators)",Other Aluminium,"Copper, refined, and copper alloys, unwrought (excl. copper alloys of heading 7405)","Waste and scrap, of aluminium (excluding slags, scale and the like from iron and steel production, containing recoverable aluminium in the form of silicates, ingots or other similar unwrought shapes, of remelted waste and scrap, of aluminium, ashes and residues from aluminium production)","Structures and parts of structures ""e.g., bridges and bridge-sections, lock-gates, towers, lattice masts, roofs, roofing frameworks, doors and windows and their frames and thresholds for doors, shutters, balustrades, pillars and columns"", of iron or steel; plates, rods, angles, shapes, sections, tubes and the like, prepared for use in structures, of iron or steel (excl. prefabricated buildings of heading 9406)",16752,7008,6927,5556,5208,2455,0.477679899,0.199831706,0.197522007,0.158428219,0.148505069,0.07000383
Morocco,'7403,'7404,'8108,'7602,'7326,'8105,"Copper, refined, and copper alloys, unwrought (excl. copper alloys of heading 7405)","Waste and scrap, of copper (excluding ingots or other similar unwrought shapes, of remelted copper waste and scrap, ashes and residues containing copper, and waste and scrap of primary cells, primary batteries and electric accumulators)",Titanium and articles thereof,"Waste and scrap, of aluminium (excluding slags, scale and the like from iron and steel production, containing recoverable aluminium in the form of silicates, ingots or other similar unwrought shapes, of remelted waste and scrap, of aluminium, ashes and residues from aluminium production)","Articles of iron or steel, n.e.s. (excl. cast articles)",Cobalt mattes and other intermediate products,304387,88198,80371,48733,40153,33728,0.314127442,0.091020353,0.082942887,0.050292465,0.041437904,0.034807302
Mozambique,'7601,'7605,'7306,'7204,'7801,'7404,Unwrought aluminium,Other Aluminium,"Tubes, pipes and hollow profiles ""e.g., open seam or welded, riveted or similarly closed"", of iron or steel (excl. of cast iron, seamless tubes and pipes and tubes having internal and external circular cross-sections and an external diameter of > 406,4 mm)","Ferrous waste and scrap; remelting scrap ingots of iron or steel (excl. slag, scale and other waste from the production of iron or steel; radioactive waste and scrap; fragments of pigs, blocks or other primary forms of pig iron or spiegeleisen)",Unwrought lead :,"Waste and scrap, of copper (excluding ingots or other similar unwrought shapes, of remelted copper waste and scrap, ashes and residues containing copper, and waste and scrap of primary cells, primary batteries and electric accumulators)",1122174,161116,23201,12509,10288,6464,6.833122181,0.981064713,0.141275121,0.076169583,0.062645509,0.039360475
Namibia,'7403,'7228,'7204,'7326,'7404,'7308,"Copper, refined, and copper alloys, unwrought (excl. copper alloys of heading 7405)",Other Iron,"Ferrous waste and scrap; remelting scrap ingots of iron or steel (excl. slag, scale and other waste from the production of iron or steel; radioactive waste and scrap; fragments of pigs, blocks or other primary forms of pig iron or spiegeleisen)","Articles of iron or steel, n.e.s. (excl. cast articles)","Waste and scrap, of copper (excluding ingots or other similar unwrought shapes, of remelted copper waste and scrap, ashes and residues containing copper, and waste and scrap of primary cells, primary batteries and electric accumulators)","Structures and parts of structures ""e.g., bridges and bridge-sections, lock-gates, towers, lattice masts, roofs, roofing frameworks, doors and windows and their frames and thresholds for doors, shutters, balustrades, pillars and columns"", of iron or steel; plates, rods, angles, shapes, sections, tubes and the like, prepared for use in structures, of iron or steel (excl. prefabricated buildings of heading 9406)",363103,27092,20753,19317,10876,6405,2.781252932,0.207516061,0.158961347,0.147962046,0.083306684,0.049060253
Nepal,'7210,'7211,'7209,'7323,'7801,'7409,Other Iron,Other Iron,Other Iron,"Table, kitchen or other household articles, and parts thereof, of iron or steel; iron or steel wool; pot scourers and scouring or polishing pads, gloves and the like, of iron or steel (excl. cans, boxes and similar containers of heading 7310; waste baskets; shovels, corkscrews and other articles of the nature of a work implement; articles of cutlery, spoons, ladles, forks etc. of heading 8211 to 8215; ornamental articles; sanitary ware)",Unwrought lead :,Other Copper,77391,9795,9687,8447,7942,7309,3.050297931,0.386061276,0.381804552,0.332931047,0.313026917,0.288077781
Niger,'7308,'7204,'7210,'7307,'7318,'7314,"Structures and parts of structures ""e.g., bridges and bridge-sections, lock-gates, towers, lattice masts, roofs, roofing frameworks, doors and windows and their frames and thresholds for doors, shutters, balustrades, pillars and columns"", of iron or steel; plates, rods, angles, shapes, sections, tubes and the like, prepared for use in structures, of iron or steel (excl. prefabricated buildings of heading 9406)","Ferrous waste and scrap; remelting scrap ingots of iron or steel (excl. slag, scale and other waste from the production of iron or steel; radioactive waste and scrap; fragments of pigs, blocks or other primary forms of pig iron or spiegeleisen)",Other Iron,"Tube or pipe fittings ""e.g. couplings, elbows, sleeves"", of iron or steel","Screws, bolts, nuts, coach screws, screw hooks, rivets, cotters, cotter pins, washers, incl. spring washers, and similar articles, of iron or steel (excl. lag screws, stoppers, plugs and the like, threaded)","Cloth, incl. endless bands, grill, netting and fencing, of iron or steel wire, expanded metal of iron or steel (excl. woven products of metal fibres of a kind used for cladding, lining or similar purposes)",870,72,39,8,7,5,0.043164011,0.003572194,0.001934938,0.00039691,0.000347297,0.000248069
Oman,'7207,'7601,'7203,'7606,'7214,'7605,Other Iron,Unwrought aluminium,"Ferrous products obtained by direct reduction of iron ore and other spongy ferrous products, in lumps, pellets or similar forms; iron having a minimum purity by weight of 99,94%, in lumps, pellets or similar forms",Other Aluminium,Other Iron,Other Aluminium,1820804,717758,369993,270667,145950,84935,1.314437176,0.518149015,0.267097696,0.195394324,0.105361206,0.061314519
Pakistan,'7403,'7612,'7601,'7210,'7801,'7615,"Copper, refined, and copper alloys, unwrought (excl. copper alloys of heading 7405)",Other Aluminium,Unwrought aluminium,Other Iron,Unwrought lead :,Other Aluminium,801760,58553,57526,47266,33007,26762,1.234975709,0.090190996,0.088609076,0.072805281,0.050841702,0.041222336
Palestine,'7602,'7606,'7804,'7802,'7419,'7326,"Waste and scrap, of aluminium (excluding slags, scale and the like from iron and steel production, containing recoverable aluminium in the form of silicates, ingots or other similar unwrought shapes, of remelted waste and scrap, of aluminium, ashes and residues from aluminium production)",Other Aluminium,Other Lead,"Lead waste and scrap (excluding ashes and residues from lead production ""heading No 2620"", and ingots or other similar unwrought shapes, of remelted waste and scrap, of lead ""heading No 7801"" and waste and scrap of primary cells, primary batteries et electric accumulators)",Other Copper,"Articles of iron or steel, n.e.s. (excl. cast articles)",1835,188,165,88,15,5,0.940080739,0.096313449,0.084530421,0.045082891,0.007684584,0.002561528
Qatar,'7601,'7214,'7403,'7207,'7203,'7604,Unwrought aluminium,Other Iron,"Copper, refined, and copper alloys, unwrought (excl. copper alloys of heading 7405)",Other Iron,"Ferrous products obtained by direct reduction of iron ore and other spongy ferrous products, in lumps, pellets or similar forms; iron having a minimum purity by weight of 99,94%, in lumps, pellets or similar forms","Bars, rods and profiles, of aluminium, n.e.s.",1506904,202713,150417,86124,66470,25816,0.848794813,0.114182286,0.084725483,0.048511122,0.037440601,0.014541395
Rwanda,'8001,'7801,'7602,'7403,'7210,'7601,Unwrought tin,Unwrought lead :,"Waste and scrap, of aluminium (excluding slags, scale and the like from iron and steel production, containing recoverable aluminium in the form of silicates, ingots or other similar unwrought shapes, of remelted waste and scrap, of aluminium, ashes and residues from aluminium production)","Copper, refined, and copper alloys, unwrought (excl. copper alloys of heading 7405)",Other Iron,Unwrought aluminium,22988,4942,1919,1057,898,679,1.90356633,0.409231982,0.158906551,0.087526954,0.074360647,0.056225924
Sao Tome and Principe,'7204,'7326,'7404,'7307,'7602,'7311,"Ferrous waste and scrap; remelting scrap ingots of iron or steel (excl. slag, scale and other waste from the production of iron or steel; radioactive waste and scrap; fragments of pigs, blocks or other primary forms of pig iron or spiegeleisen)","Articles of iron or steel, n.e.s. (excl. cast articles)","Waste and scrap, of copper (excluding ingots or other similar unwrought shapes, of remelted copper waste and scrap, ashes and residues containing copper, and waste and scrap of primary cells, primary batteries and electric accumulators)","Tube or pipe fittings ""e.g. couplings, elbows, sleeves"", of iron or steel","Waste and scrap, of aluminium (excluding slags, scale and the like from iron and steel production, containing recoverable aluminium in the form of silicates, ingots or other similar unwrought shapes, of remelted waste and scrap, of aluminium, ashes and residues from aluminium production)","Containers of iron or steel, for compressed or liquefied gas (excluding containers specifically constructed or equipped for one or more types of transport)",215,46,44,25,13,13,0.218300707,0.046706198,0.044675493,0.025383803,0.013199578,0.013199578
Saudi Arabia,'7404,'7606,'7602,'7601,'7413,'7208,"Waste and scrap, of copper (excluding ingots or other similar unwrought shapes, of remelted copper waste and scrap, ashes and residues containing copper, and waste and scrap of primary cells, primary batteries and electric accumulators)",Other Aluminium,"Waste and scrap, of aluminium (excluding slags, scale and the like from iron and steel production, containing recoverable aluminium in the form of silicates, ingots or other similar unwrought shapes, of remelted waste and scrap, of aluminium, ashes and residues from aluminium production)",Unwrought aluminium,Other Copper,Other Iron,1376363,716779,697356,626476,261838,206756,0.225368654,0.117366944,0.11418658,0.102580535,0.04287392,0.033854675
Senegal,'7215,'7214,'7228,'7204,'7801,'7304,Other Iron,Other Iron,Other Iron,"Ferrous waste and scrap; remelting scrap ingots of iron or steel (excl. slag, scale and other waste from the production of iron or steel; radioactive waste and scrap; fragments of pigs, blocks or other primary forms of pig iron or spiegeleisen)",Unwrought lead :,"Tubes, pipes and hollow profiles, seamless, of iron or steel (excl. products of cast iron)",33682,19557,16161,15937,15460,14178,0.266873117,0.154956284,0.128048704,0.126273881,0.122494459,0.112336769
Seychelles,'7404,'7602,'7204,'7311,'8110,'8112,"Waste and scrap, of copper (excluding ingots or other similar unwrought shapes, of remelted copper waste and scrap, ashes and residues containing copper, and waste and scrap of primary cells, primary batteries and electric accumulators)","Waste and scrap, of aluminium (excluding slags, scale and the like from iron and steel production, containing recoverable aluminium in the form of silicates, ingots or other similar unwrought shapes, of remelted waste and scrap, of aluminium, ashes and residues from aluminium production)","Ferrous waste and scrap; remelting scrap ingots of iron or steel (excl. slag, scale and other waste from the production of iron or steel; radioactive waste and scrap; fragments of pigs, blocks or other primary forms of pig iron or spiegeleisen)","Containers of iron or steel, for compressed or liquefied gas (excluding containers specifically constructed or equipped for one or more types of transport)",Antimony and articles thereof,"Beryllium, chromium, hafnium, rhenium, thallium, cadmium, germanium, vanadium, gallium, indium and niobium ""columbium"", and articles of these metals, n.e.s.; waste and scrap of these metals (excl. ash and residues containing these metals)",39954,7780,2235,754,178,127,3.360104956,0.654292851,0.187962021,0.063410901,0.014969682,0.010680616
Sierra Leone,'7204,'7404,'7602,'7312,'7616,'7610,"Ferrous waste and scrap; remelting scrap ingots of iron or steel (excl. slag, scale and other waste from the production of iron or steel; radioactive waste and scrap; fragments of pigs, blocks or other primary forms of pig iron or spiegeleisen)","Waste and scrap, of copper (excluding ingots or other similar unwrought shapes, of remelted copper waste and scrap, ashes and residues containing copper, and waste and scrap of primary cells, primary batteries and electric accumulators)","Waste and scrap, of aluminium (excluding slags, scale and the like from iron and steel production, containing recoverable aluminium in the form of silicates, ingots or other similar unwrought shapes, of remelted waste and scrap, of aluminium, ashes and residues from aluminium production)","Stranded wire, ropes, cables, plaited bands, slings and the like, of iron or steel (excl. electrically insulated products and twisted fencing wire and barbed wire)",Other Aluminium,Other Aluminium,9286,6376,5723,1685,999,957,0.304431667,0.209030402,0.187622489,0.055240939,0.032751156,0.031374231
Somalia,'7204,'7404,'7602,'7406,'7601,'7802,"Ferrous waste and scrap; remelting scrap ingots of iron or steel (excl. slag, scale and other waste from the production of iron or steel; radioactive waste and scrap; fragments of pigs, blocks or other primary forms of pig iron or spiegeleisen)","Waste and scrap, of copper (excluding ingots or other similar unwrought shapes, of remelted copper waste and scrap, ashes and residues containing copper, and waste and scrap of primary cells, primary batteries and electric accumulators)","Waste and scrap, of aluminium (excluding slags, scale and the like from iron and steel production, containing recoverable aluminium in the form of silicates, ingots or other similar unwrought shapes, of remelted waste and scrap, of aluminium, ashes and residues from aluminium production)","Powders and flakes, of copper (excl. grains of copper and spangles of heading 8308)",Unwrought aluminium,"Lead waste and scrap (excluding ashes and residues from lead production ""heading No 2620"", and ingots or other similar unwrought shapes, of remelted waste and scrap, of lead ""heading No 7801"" and waste and scrap of primary cells, primary batteries et electric accumulators)",11016,4492,1858,471,46,30,1.181194812,0.481656418,0.19922476,0.050503155,0.004932368,0.003216761
South Africa,'7202,'7601,'7502,'7403,'7402,'7308,Ferro-alloys,Unwrought aluminium,Unwrought nickel,"Copper, refined, and copper alloys, unwrought (excl. copper alloys of heading 7405)","Copper, unrefined; copper anodes for electrolytic refining","Structures and parts of structures ""e.g., bridges and bridge-sections, lock-gates, towers, lattice masts, roofs, roofing frameworks, doors and windows and their frames and thresholds for doors, shutters, balustrades, pillars and columns"", of iron or steel; plates, rods, angles, shapes, sections, tubes and the like, prepared for use in structures, of iron or steel (excl. prefabricated buildings of heading 9406)",4186926,1528671,554189,495735,384721,318637,1.896414883,0.692392088,0.251012859,0.224536864,0.174254484,0.144322577
South Sudan,'7204,'7404,'7304,'7415,'7311,'7219,"Ferrous waste and scrap; remelting scrap ingots of iron or steel (excl. slag, scale and other waste from the production of iron or steel; radioactive waste and scrap; fragments of pigs, blocks or other primary forms of pig iron or spiegeleisen)","Waste and scrap, of copper (excluding ingots or other similar unwrought shapes, of remelted copper waste and scrap, ashes and residues containing copper, and waste and scrap of primary cells, primary batteries and electric accumulators)","Tubes, pipes and hollow profiles, seamless, of iron or steel (excl. products of cast iron)",Other Copper,"Containers of iron or steel, for compressed or liquefied gas (excluding containers specifically constructed or equipped for one or more types of transport)",Other Iron,21913,2706,253,100,82,65,2.208675651,0.27274569,0.025500613,0.010079294,0.008265021,0.006551541
Sri Lanka,'7317,'7612,'7610,'7403,'7318,'7801,"Nails, tacks, drawing pins, corrugated nails, staples and similar articles of iron or steel, whether or not with heads of other material (excluding such articles with heads of copper and staples in strips)",Other Aluminium,Other Aluminium,"Copper, refined, and copper alloys, unwrought (excl. copper alloys of heading 7405)","Screws, bolts, nuts, coach screws, screw hooks, rivets, cotters, cotter pins, washers, incl. spring washers, and similar articles, of iron or steel (excl. lag screws, stoppers, plugs and the like, threaded)",Unwrought lead :,41110,29553,18724,12492,11830,11683,0.170950919,0.122892544,0.077861469,0.051946458,0.049193612,0.04858233
Sudan,'7404,'7801,'7602,'7204,'7802,'7601,"Waste and scrap, of copper (excluding ingots or other similar unwrought shapes, of remelted copper waste and scrap, ashes and residues containing copper, and waste and scrap of primary cells, primary batteries and electric accumulators)",Unwrought lead :,"Waste and scrap, of aluminium (excluding slags, scale and the like from iron and steel production, containing recoverable aluminium in the form of silicates, ingots or other similar unwrought shapes, of remelted waste and scrap, of aluminium, ashes and residues from aluminium production)","Ferrous waste and scrap; remelting scrap ingots of iron or steel (excl. slag, scale and other waste from the production of iron or steel; radioactive waste and scrap; fragments of pigs, blocks or other primary forms of pig iron or spiegeleisen)","Lead waste and scrap (excluding ashes and residues from lead production ""heading No 2620"", and ingots or other similar unwrought shapes, of remelted waste and scrap, of lead ""heading No 7801"" and waste and scrap of primary cells, primary batteries et electric accumulators)",Unwrought aluminium,5872,5665,976,671,93,76,0.096384435,0.092986686,0.016020301,0.011013957,0.001526525,0.001247482
Syria,'7204,'7601,'7403,'7602,'7801,'7418,"Ferrous waste and scrap; remelting scrap ingots of iron or steel (excl. slag, scale and other waste from the production of iron or steel; radioactive waste and scrap; fragments of pigs, blocks or other primary forms of pig iron or spiegeleisen)",Unwrought aluminium,"Copper, refined, and copper alloys, unwrought (excl. copper alloys of heading 7405)","Waste and scrap, of aluminium (excluding slags, scale and the like from iron and steel production, containing recoverable aluminium in the form of silicates, ingots or other similar unwrought shapes, of remelted waste and scrap, of aluminium, ashes and residues from aluminium production)",Unwrought lead :,Other Copper,15307,3848,3537,2361,2048,601,0.829032999,0.208409158,0.191565278,0.127872667,0.110920467,0.032550391
Tajikistan,'8110,'7601,'7403,'7604,'7404,'7204,Antimony and articles thereof,Unwrought aluminium,"Copper, refined, and copper alloys, unwrought (excl. copper alloys of heading 7405)","Bars, rods and profiles, of aluminium, n.e.s.","Waste and scrap, of copper (excluding ingots or other similar unwrought shapes, of remelted copper waste and scrap, ashes and residues containing copper, and waste and scrap of primary cells, primary batteries and electric accumulators)","Ferrous waste and scrap; remelting scrap ingots of iron or steel (excl. slag, scale and other waste from the production of iron or steel; radioactive waste and scrap; fragments of pigs, blocks or other primary forms of pig iron or spiegeleisen)",288085,231609,45777,19678,11463,10505,8.075464251,6.49235538,1.283199497,0.551604511,0.321325465,0.294471257
Tanzania,'7210,'7801,'7306,'7214,'7601,'7208,Other Iron,Unwrought lead :,"Tubes, pipes and hollow profiles ""e.g., open seam or welded, riveted or similarly closed"", of iron or steel (excl. of cast iron, seamless tubes and pipes and tubes having internal and external circular cross-sections and an external diameter of > 406,4 mm)",Other Iron,Unwrought aluminium,Other Iron,27061,25878,15740,11083,10904,7141,0.155486726,0.148689461,0.090438678,0.063680551,0.062652055,0.041030661
Togo,'7801,'7601,'7602,'7315,'7404,'7402,Unwrought lead :,Unwrought aluminium,"Waste and scrap, of aluminium (excluding slags, scale and the like from iron and steel production, containing recoverable aluminium in the form of silicates, ingots or other similar unwrought shapes, of remelted waste and scrap, of aluminium, ashes and residues from aluminium production)","Chain and parts thereof, or iron or steel (excl. watch chains, necklace chains and the like, cutting and saw chain, skid chain, scraper chain for conveyors, toothed chain for textile machinery and the like, safety devices with chains for securing doors, measuring chains)","Waste and scrap, of copper (excluding ingots or other similar unwrought shapes, of remelted copper waste and scrap, ashes and residues containing copper, and waste and scrap of primary cells, primary batteries and electric accumulators)","Copper, unrefined; copper anodes for electrolytic refining",9287,9107,3990,2767,2124,1944,0.339900647,0.333312716,0.146032473,0.101271141,0.077737587,0.071149656
Tunisia,'7404,'7326,'7210,'7308,'7616,'7320,"Waste and scrap, of copper (excluding ingots or other similar unwrought shapes, of remelted copper waste and scrap, ashes and residues containing copper, and waste and scrap of primary cells, primary batteries and electric accumulators)","Articles of iron or steel, n.e.s. (excl. cast articles)",Other Iron,"Structures and parts of structures ""e.g., bridges and bridge-sections, lock-gates, towers, lattice masts, roofs, roofing frameworks, doors and windows and their frames and thresholds for doors, shutters, balustrades, pillars and columns"", of iron or steel; plates, rods, angles, shapes, sections, tubes and the like, prepared for use in structures, of iron or steel (excl. prefabricated buildings of heading 9406)",Other Aluminium,"Springs and leaves for springs, of iron or steel (excl. clock and watch springs, springs for sticks and handles of umbrellas or parasols, shock absorbers and torque rod or torsion bar springs of Section 17)",121287,97710,79101,61188,45330,42937,0.293893059,0.236763139,0.191671283,0.148265919,0.109840068,0.10404154
Turkmenistan,'7403,'7616,'7404,'7306,'7303,'7304,"Copper, refined, and copper alloys, unwrought (excl. copper alloys of heading 7405)",Other Aluminium,"Waste and scrap, of copper (excluding ingots or other similar unwrought shapes, of remelted copper waste and scrap, ashes and residues containing copper, and waste and scrap of primary cells, primary batteries and electric accumulators)","Tubes, pipes and hollow profiles ""e.g., open seam or welded, riveted or similarly closed"", of iron or steel (excl. of cast iron, seamless tubes and pipes and tubes having internal and external circular cross-sections and an external diameter of > 406,4 mm)","Tubes, pipes and hollow profiles, of cast iron","Tubes, pipes and hollow profiles, seamless, of iron or steel (excl. products of cast iron)",6069,2591,443,213,196,144,0.021944696,0.009368711,0.001601829,0.00077018,0.00070871,0.000520685
Uganda,'7214,'7210,'7203,'7306,'7317,'7216,Other Iron,Other Iron,"Ferrous products obtained by direct reduction of iron ore and other spongy ferrous products, in lumps, pellets or similar forms; iron having a minimum purity by weight of 99,94%, in lumps, pellets or similar forms","Tubes, pipes and hollow profiles ""e.g., open seam or welded, riveted or similarly closed"", of iron or steel (excl. of cast iron, seamless tubes and pipes and tubes having internal and external circular cross-sections and an external diameter of > 406,4 mm)","Nails, tacks, drawing pins, corrugated nails, staples and similar articles of iron or steel, whether or not with heads of other material (excluding such articles with heads of copper and staples in strips)",Other Iron,55849,53511,46565,31380,10033,6647,0.347348122,0.332807129,0.289607071,0.19516525,0.062399393,0.041340453
United Arab Emirates,'7601,'7408,'7308,'7204,'7404,'7602,Unwrought aluminium,Other Copper,"Structures and parts of structures ""e.g., bridges and bridge-sections, lock-gates, towers, lattice masts, roofs, roofing frameworks, doors and windows and their frames and thresholds for doors, shutters, balustrades, pillars and columns"", of iron or steel; plates, rods, angles, shapes, sections, tubes and the like, prepared for use in structures, of iron or steel (excl. prefabricated buildings of heading 9406)","Ferrous waste and scrap; remelting scrap ingots of iron or steel (excl. slag, scale and other waste from the production of iron or steel; radioactive waste and scrap; fragments of pigs, blocks or other primary forms of pig iron or spiegeleisen)","Waste and scrap, of copper (excluding ingots or other similar unwrought shapes, of remelted copper waste and scrap, ashes and residues containing copper, and waste and scrap of primary cells, primary batteries and electric accumulators)","Waste and scrap, of aluminium (excluding slags, scale and the like from iron and steel production, containing recoverable aluminium in the form of silicates, ingots or other similar unwrought shapes, of remelted waste and scrap, of aluminium, ashes and residues from aluminium production)",7041649,2067773,1385771,724480,683588,558815,1.13683245,0.333829682,0.223724506,0.116962997,0.110361227,0.090217366
Uzbekistan,'7403,'7408,'7411,'7210,'7901,'8102,"Copper, refined, and copper alloys, unwrought (excl. copper alloys of heading 7405)",Other Copper,Other Copper,Other Iron,Unwrought zinc :,Molybdenum and articles thereof,753554,508732,377917,198465,162300,58838,1.182734389,0.798476063,0.593156472,0.311499084,0.25473661,0.092348692
Yemen,'7204,'7404,'7602,'7801,'7403,'7406,"Ferrous waste and scrap; remelting scrap ingots of iron or steel (excl. slag, scale and other waste from the production of iron or steel; radioactive waste and scrap; fragments of pigs, blocks or other primary forms of pig iron or spiegeleisen)","Waste and scrap, of copper (excluding ingots or other similar unwrought shapes, of remelted copper waste and scrap, ashes and residues containing copper, and waste and scrap of primary cells, primary batteries and electric accumulators)","Waste and scrap, of aluminium (excluding slags, scale and the like from iron and steel production, containing recoverable aluminium in the form of silicates, ingots or other similar unwrought shapes, of remelted waste and scrap, of aluminium, ashes and residues from aluminium production)",Unwrought lead :,"Copper, refined, and copper alloys, unwrought (excl. copper alloys of heading 7405)","Powders and flakes, of copper (excl. grains of copper and spangles of heading 8308)",96299,44251,32584,2893,1961,1321,7.595097444,3.490074217,2.569898494,0.228170769,0.154663975,0.104187206
Zambia,'7402,'7403,'7202,'7408,'7214,'7801,"Copper, unrefined; copper anodes for electrolytic refining","Copper, refined, and copper alloys, unwrought (excl. copper alloys of heading 7405)",Ferro-alloys,Other Copper,Other Iron,Unwrought lead :,5844526,1665054,112034,79815,57428,16639,25.91618253,7.383292227,0.496788549,0.353920935,0.254651024,0.073781751
Zimbabwe,'7501,'7202,'7206,'7323,'7204,'7308,"Nickel mattes, nickel oxide sinters and other intermediate products of nickel metallurgy :",Ferro-alloys,"Iron and non-alloy steel in ingots or other primary forms (excl. remelting scrap ingots, products obtained by continuous casting and iron of heading 7203)","Table, kitchen or other household articles, and parts thereof, of iron or steel; iron or steel wool; pot scourers and scouring or polishing pads, gloves and the like, of iron or steel (excl. cans, boxes and similar containers of heading 7310; waste baskets; shovels, corkscrews and other articles of the nature of a work implement; articles of cutlery, spoons, ladles, forks etc. of heading 8211 to 8215; ornamental articles; sanitary ware)","Ferrous waste and scrap; remelting scrap ingots of iron or steel (excl. slag, scale and other waste from the production of iron or steel; radioactive waste and scrap; fragments of pigs, blocks or other primary forms of pig iron or spiegeleisen)","Structures and parts of structures ""e.g., bridges and bridge-sections, lock-gates, towers, lattice masts, roofs, roofing frameworks, doors and windows and their frames and thresholds for doors, shutters, balustrades, pillars and columns"", of iron or steel; plates, rods, angles, shapes, sections, tubes and the like, prepared for use in structures, of iron or steel (excl. prefabricated buildings of heading 9406)",988660,334494,8580,4957,3070,1644,6.649462244,2.249717015,0.057706781,0.033339454,0.020647997,0.011057103
